{
  "accuracy": 0.8016091954022988,
  "macro_f1": 0.7829265791001023,
  "total": 8700,
  "correct": 6974,
  "per_class": {
    "A": {
      "support": 300,
      "precision": 0.8379888268156425,
      "recall": 1.0,
      "f1": 0.9118541033434651
    },
    "B": {
      "support": 300,
      "precision": 0.7754569190600522,
      "recall": 0.99,
      "f1": 0.8696925329428989
    },
    "C": {
      "support": 300,
      "precision": 0.8982035928143712,
      "recall": 1.0,
      "f1": 0.9463722397476341
    },
    "D": {
      "support": 300,
      "precision": 0.5769230769230769,
      "recall": 1.0,
      "f1": 0.7317073170731707
    },
    "E": {
      "support": 300,
      "precision": 0.5588785046728972,
      "recall": 0.9966666666666667,
      "f1": 0.7161676646706587
    },
    "F": {
      "support": 300,
      "precision": 1.0,
      "recall": 0.9366666666666666,
      "f1": 0.9672977624784854
    },
    "G": {
      "support": 300,
      "precision": 0.8375350140056023,
      "recall": 0.9966666666666667,
      "f1": 0.9101978691019788
    },
    "H": {
      "support": 300,
      "precision": 0.9965277777777778,
      "recall": 0.9566666666666667,
      "f1": 0.9761904761904762
    },
    "I": {
      "support": 300,
      "precision": 0.803763440860215,
      "recall": 0.9966666666666667,
      "f1": 0.8898809523809524
    },
    "J": {
      "support": 300,
      "precision": 1.0,
      "recall": 0.6966666666666667,
      "f1": 0.8212180746561886
    },
    "K": {
      "support": 300,
      "precision": 0.5607476635514018,
      "recall": 1.0,
      "f1": 0.7185628742514969
    },
    "L": {
      "support": 300,
      "precision": 0.5405405405405406,
      "recall": 1.0,
      "f1": 0.7017543859649124
    },
    "M": {
      "support": 300,
      "precision": 0.9302325581395349,
      "recall": 0.5333333333333333,
      "f1": 0.6779661016949152
    },
    "N": {
      "support": 300,
      "precision": 0.6797235023041475,
      "recall": 0.9833333333333333,
      "f1": 0.8038147138964578
    },
    "O": {
      "support": 300,
      "precision": 0.9966777408637874,
      "recall": 1.0,
      "f1": 0.9983361064891847
    },
    "P": {
      "support": 300,
      "precision": 0.594059405940594,
      "recall": 1.0,
      "f1": 0.7453416149068323
    },
    "Q": {
      "support": 300,
      "precision": 1.0,
      "recall": 0.36,
      "f1": 0.5294117647058824
    },
    "R": {
      "support": 300,
      "precision": 0.9094076655052264,
      "recall": 0.87,
      "f1": 0.8892674616695059
    },
    "S": {
      "support": 300,
      "precision": 1.0,
      "recall": 0.54,
      "f1": 0.7012987012987013
    },
    "T": {
      "support": 300,
      "precision": 1.0,
      "recall": 0.26,
      "f1": 0.41269841269841273
    },
    "U": {
      "support": 300,
      "precision": 0.986013986013986,
      "recall": 0.47,
      "f1": 0.636568848758465
    },
    "V": {
      "support": 300,
      "precision": 0.8796992481203008,
      "recall": 0.39,
      "f1": 0.5404157043879908
    },
    "W": {
      "support": 300,
      "precision": 0.9800796812749004,
      "recall": 0.82,
      "f1": 0.8929219600725954
    },
    "X": {
      "support": 300,
      "precision": 1.0,
      "recall": 0.12333333333333334,
      "f1": 0.2195845697329377
    },
    "Y": {
      "support": 300,
      "precision": 1.0,
      "recall": 0.6233333333333333,
      "f1": 0.7679671457905544
    },
    "Z": {
      "support": 300,
      "precision": 1.0,
      "recall": 0.7066666666666667,
      "f1": 0.828125
    },
    "del": {
      "support": 300,
      "precision": 0.9835526315789473,
      "recall": 0.9966666666666667,
      "f1": 0.990066225165563
    },
    "nothing": {
      "support": 300,
      "precision": 0.9966777408637874,
      "recall": 1.0,
      "f1": 0.9983361064891847
    },
    "space": {
      "support": 300,
      "precision": 0.8379888268156425,
      "recall": 1.0,
      "f1": 0.9118541033434651
    }
  },
  "top_confusions": [
    {
      "true": "V",
      "pred": "K",
      "count": 182
    },
    {
      "true": "Q",
      "pred": "P",
      "count": 172
    },
    {
      "true": "M",
      "pred": "N",
      "count": 139
    },
    {
      "true": "S",
      "pred": "E",
      "count": 136
    },
    {
      "true": "X",
      "pred": "D",
      "count": 136
    },
    {
      "true": "T",
      "pred": "L",
      "count": 114
    },
    {
      "true": "Y",
      "pred": "L",
      "count": 113
    },
    {
      "true": "U",
      "pred": "B",
      "count": 86
    },
    {
      "true": "T",
      "pred": "E",
      "count": 82
    },
    {
      "true": "X",
      "pred": "I",
      "count": 73
    },
    {
      "true": "Z",
      "pred": "A",
      "count": 57
    },
    {
      "true": "J",
      "pred": "space",
      "count": 55
    },
    {
      "true": "W",
      "pred": "K",
      "count": 52
    },
    {
      "true": "U",
      "pred": "D",
      "count": 46
    },
    {
      "true": "R",
      "pred": "D",
      "count": 37
    },
    {
      "true": "J",
      "pred": "G",
      "count": 35
    },
    {
      "true": "U",
      "pred": "R",
      "count": 26
    },
    {
      "true": "T",
      "pred": "P",
      "count": 20
    },
    {
      "true": "X",
      "pred": "G",
      "count": 19
    },
    {
      "true": "Q",
      "pred": "C",
      "count": 17
    },
    {
      "true": "X",
      "pred": "L",
      "count": 17
    },
    {
      "true": "Z",
      "pred": "C",
      "count": 16
    },
    {
      "true": "F",
      "pred": "V",
      "count": 13
    },
    {
      "true": "H",
      "pred": "P",
      "count": 12
    },
    {
      "true": "X",
      "pred": "E",
      "count": 11
    },
    {
      "true": "Z",
      "pred": "L",
      "count": 9
    },
    {
      "true": "T",
      "pred": "M",
      "count": 6
    },
    {
      "true": "F",
      "pred": "W",
      "count": 5
    },
    {
      "true": "N",
      "pred": "M",
      "count": 5
    },
    {
      "true": "B",
      "pred": "E",
      "count": 3
    },
    {
      "true": "Q",
      "pred": "del",
      "count": 3
    },
    {
      "true": "X",
      "pred": "space",
      "count": 3
    },
    {
      "true": "R",
      "pred": "U",
      "count": 2
    },
    {
      "true": "S",
      "pred": "G",
      "count": 2
    },
    {
      "true": "W",
      "pred": "E",
      "count": 2
    },
    {
      "true": "X",
      "pred": "V",
      "count": 2
    },
    {
      "true": "Z",
      "pred": "G",
      "count": 2
    },
    {
      "true": "Z",
      "pred": "del",
      "count": 2
    },
    {
      "true": "E",
      "pred": "O",
      "count": 1
    },
    {
      "true": "F",
      "pred": "L",
      "count": 1
    },
    {
      "true": "G",
      "pred": "H",
      "count": 1
    },
    {
      "true": "H",
      "pred": "nothing",
      "count": 1
    },
    {
      "true": "I",
      "pred": "E",
      "count": 1
    },
    {
      "true": "J",
      "pred": "L",
      "count": 1
    },
    {
      "true": "M",
      "pred": "E",
      "count": 1
    },
    {
      "true": "U",
      "pred": "V",
      "count": 1
    },
    {
      "true": "V",
      "pred": "D",
      "count": 1
    },
    {
      "true": "X",
      "pred": "A",
      "count": 1
    },
    {
      "true": "X",
      "pred": "K",
      "count": 1
    },
    {
      "true": "Z",
      "pred": "M",
      "count": 1
    }
  ]
}