{
  "accuracy": 0.21804597701149425,
  "macro_f1": 0.1791326025120081,
  "total": 8700,
  "correct": 1897,
  "per_class": {
    "A": {
      "support": 300,
      "precision": 0.0,
      "recall": 0.0,
      "f1": 0.0
    },
    "B": {
      "support": 300,
      "precision": 0.7027027027027027,
      "recall": 0.08666666666666667,
      "f1": 0.1543026706231454
    },
    "C": {
      "support": 300,
      "precision": 0.2524752475247525,
      "recall": 0.17,
      "f1": 0.20318725099601592
    },
    "D": {
      "support": 300,
      "precision": 0.1829787234042553,
      "recall": 0.14333333333333334,
      "f1": 0.16074766355140185
    },
    "E": {
      "support": 300,
      "precision": 0.5684931506849316,
      "recall": 0.27666666666666667,
      "f1": 0.37219730941704043
    },
    "F": {
      "support": 300,
      "precision": 0.11161048689138577,
      "recall": 0.9933333333333333,
      "f1": 0.20067340067340067
    },
    "G": {
      "support": 300,
      "precision": 0.0,
      "recall": 0.0,
      "f1": 0.0
    },
    "H": {
      "support": 300,
      "precision": 0.1404561824729892,
      "recall": 0.78,
      "f1": 0.2380467955239064
    },
    "I": {
      "support": 300,
      "precision": 0.3816793893129771,
      "recall": 0.16666666666666666,
      "f1": 0.23201856148491878
    },
    "J": {
      "support": 300,
      "precision": 0.0,
      "recall": 0.0,
      "f1": 0.0
    },
    "K": {
      "support": 300,
      "precision": 1.0,
      "recall": 0.2,
      "f1": 0.33333333333333337
    },
    "L": {
      "support": 300,
      "precision": 0.0,
      "recall": 0.0,
      "f1": 0.0
    },
    "M": {
      "support": 300,
      "precision": 0.0,
      "recall": 0.0,
      "f1": 0.0
    },
    "N": {
      "support": 300,
      "precision": 0.48872180451127817,
      "recall": 0.21666666666666667,
      "f1": 0.30023094688221713
    },
    "O": {
      "support": 300,
      "precision": 1.0,
      "recall": 0.01,
      "f1": 0.019801980198019802
    },
    "P": {
      "support": 300,
      "precision": 0.5384615384615384,
      "recall": 0.04666666666666667,
      "f1": 0.08588957055214724
    },
    "Q": {
      "support": 300,
      "precision": 0.3333333333333333,
      "recall": 0.0033333333333333335,
      "f1": 0.006600660066006601
    },
    "R": {
      "support": 300,
      "precision": 0.47045454545454546,
      "recall": 0.69,
      "f1": 0.5594594594594594
    },
    "S": {
      "support": 300,
      "precision": 0.6086956521739131,
      "recall": 0.14,
      "f1": 0.22764227642276424
    },
    "T": {
      "support": 300,
      "precision": 0.0,
      "recall": 0.0,
      "f1": 0.0
    },
    "U": {
      "support": 300,
      "precision": 1.0,
      "recall": 0.013333333333333334,
      "f1": 0.02631578947368421
    },
    "V": {
      "support": 300,
      "precision": 0.2134344528710726,
      "recall": 0.6566666666666666,
      "f1": 0.3221586263286999
    },
    "W": {
      "support": 300,
      "precision": 1.0,
      "recall": 0.06666666666666667,
      "f1": 0.125
    },
    "X": {
      "support": 300,
      "precision": 0.10317460317460317,
      "recall": 0.043333333333333335,
      "f1": 0.06103286384976526
    },
    "Y": {
      "support": 300,
      "precision": 0.6363636363636364,
      "recall": 0.16333333333333333,
      "f1": 0.259946949602122
    },
    "Z": {
      "support": 300,
      "precision": 0.88,
      "recall": 0.07333333333333333,
      "f1": 0.13538461538461538
    },
    "del": {
      "support": 300,
      "precision": 0.8066037735849056,
      "recall": 0.57,
      "f1": 0.6679687499999999
    },
    "nothing": {
      "support": 300,
      "precision": 0.6419753086419753,
      "recall": 0.17333333333333334,
      "f1": 0.27296587926509186
    },
    "space": {
      "support": 300,
      "precision": 0.14014598540145987,
      "recall": 0.64,
      "f1": 0.22994011976047907
    }
  },
  "top_confusions": [
    {
      "true": "O",
      "pred": "F",
      "count": 238
    },
    {
      "true": "G",
      "pred": "H",
      "count": 228
    },
    {
      "true": "Q",
      "pred": "F",
      "count": 223
    },
    {
      "true": "J",
      "pred": "H",
      "count": 205
    },
    {
      "true": "C",
      "pred": "F",
      "count": 203
    },
    {
      "true": "Z",
      "pred": "H",
      "count": 184
    },
    {
      "true": "nothing",
      "pred": "space",
      "count": 179
    },
    {
      "true": "P",
      "pred": "F",
      "count": 172
    },
    {
      "true": "L",
      "pred": "space",
      "count": 165
    },
    {
      "true": "D",
      "pred": "F",
      "count": 164
    },
    {
      "true": "W",
      "pred": "F",
      "count": 156
    },
    {
      "true": "B",
      "pred": "F",
      "count": 141
    },
    {
      "true": "K",
      "pred": "F",
      "count": 129
    },
    {
      "true": "A",
      "pred": "space",
      "count": 117
    },
    {
      "true": "T",
      "pred": "F",
      "count": 109
    },
    {
      "true": "T",
      "pred": "space",
      "count": 101
    },
    {
      "true": "E",
      "pred": "F",
      "count": 98
    },
    {
      "true": "Y",
      "pred": "F",
      "count": 97
    },
    {
      "true": "Y",
      "pred": "space",
      "count": 94
    },
    {
      "true": "W",
      "pred": "V",
      "count": 91
    },
    {
      "true": "N",
      "pred": "V",
      "count": 89
    },
    {
      "true": "V",
      "pred": "F",
      "count": 88
    },
    {
      "true": "space",
      "pred": "H",
      "count": 86
    },
    {
      "true": "U",
      "pred": "V",
      "count": 85
    },
    {
      "true": "B",
      "pred": "V",
      "count": 82
    },
    {
      "true": "M",
      "pred": "H",
      "count": 80
    },
    {
      "true": "X",
      "pred": "F",
      "count": 80
    },
    {
      "true": "U",
      "pred": "R",
      "count": 79
    },
    {
      "true": "del",
      "pred": "C",
      "count": 79
    },
    {
      "true": "I",
      "pred": "V",
      "count": 71
    },
    {
      "true": "E",
      "pred": "H",
      "count": 70
    },
    {
      "true": "S",
      "pred": "H",
      "count": 69
    },
    {
      "true": "X",
      "pred": "space",
      "count": 67
    },
    {
      "true": "X",
      "pred": "V",
      "count": 62
    },
    {
      "true": "K",
      "pred": "V",
      "count": 61
    },
    {
      "true": "A",
      "pred": "F",
      "count": 60
    },
    {
      "true": "X",
      "pred": "R",
      "count": 60
    },
    {
      "true": "L",
      "pred": "F",
      "count": 58
    },
    {
      "true": "M",
      "pred": "space",
      "count": 58
    },
    {
      "true": "P",
      "pred": "space",
      "count": 56
    },
    {
      "true": "I",
      "pred": "space",
      "count": 55
    },
    {
      "true": "M",
      "pred": "N",
      "count": 55
    },
    {
      "true": "S",
      "pred": "F",
      "count": 54
    },
    {
      "true": "N",
      "pred": "H",
      "count": 53
    },
    {
      "true": "Q",
      "pred": "H",
      "count": 53
    },
    {
      "true": "S",
      "pred": "X",
      "count": 53
    },
    {
      "true": "R",
      "pred": "D",
      "count": 51
    },
    {
      "true": "H",
      "pred": "space",
      "count": 50
    },
    {
      "true": "U",
      "pred": "F",
      "count": 47
    },
    {
      "true": "L",
      "pred": "V",
      "count": 45
    }
  ]
}